Top queries,Clicks,Impressions,CTR,Position
oil slick,299,72231,0.41%,5.22
oilslick,142,5391,2.63%,3.49
silicone bubbler,130,3338,3.89%,10.36
oil slick pad,79,392,20.15%,1.6
slick paper silicone release paper,68,491,13.85%,3.56
oil slick paper,63,803,7.85%,3.95
silicone dab mat,55,2119,2.6%,12.84
how to clean a silicone bong,53,4573,1.16%,8.06
kirby bong,52,1945,2.67%,1.25
how to clean silicone bong,49,3813,1.29%,6.85
silicone bubbler water pipe,46,505,9.11%,6.31
silicone water pipe,38,2909,1.31%,22.55
silicone dab rig,36,3518,1.02%,22.54
best silicone bongs,34,905,3.76%,11.22
totoro bong,34,478,7.11%,1.02
rosin jar,29,1367,2.12%,7.25
slick paper,29,1313,2.21%,3.52
best parchment paper for rosin pressing,29,550,5.27%,6.4
rosin jars,28,2679,1.05%,9.19
bong mouthpiece cover,25,631,3.96%,2.85
silicone bubbler bong,24,1060,2.26%,9.49
best parchment paper for rosin,24,660,3.64%,6.58
silicone nectar collector,23,2854,0.81%,40.22
kirby pipe,23,473,4.86%,1.47
slimer bong,21,334,6.29%,1.27
crocodile bong,21,144,14.58%,1.01
silicone water pipes,19,1845,1.03%,22.03
silicone oil burner bubbler,19,330,5.76%,6.83
best parchment paper for pressing rosin,19,255,7.45%,5.02
electric nectar collector,17,4036,0.42%,54.62
silicone bongs,16,9313,0.17%,47.28
dab containers,16,3726,0.43%,15.81
electric nectar collector with bubbler,16,745,2.15%,7.18
silicone spoon pipe,16,684,2.34%,15.92
silicone water bubbler,16,148,10.81%,9.35
dab jar,15,1733,0.87%,10.79
mason jar bong,15,636,2.36%,19.53
dab slicks,15,453,3.31%,4.98
silicone bubbler pipe,15,294,5.1%,8.17
how to use silicone dab rig,15,227,6.61%,5.42
silicone bong,14,8013,0.17%,57.2
dab jars,14,1845,0.76%,12.33
dab slick,14,1786,0.78%,4.82
oil slick mat,14,75,18.67%,6.35
large silicone bong,13,793,1.64%,8.08
dab mat silicone,13,403,3.23%,9.73
alligator bong,13,275,4.73%,1.03
silicone dab rigs,12,3056,0.39%,18.54
silicone dab mats,12,515,2.33%,11.7
wax jars,11,2265,0.49%,6.41
silicone water bong,11,1727,0.64%,29.22
container silicone weed,11,125,8.8%,10.58
dab puck,10,1423,0.7%,10.67
dab pucks,10,826,1.21%,11.82
best way to clean silicone bong,10,627,1.59%,6.84
slick pad,10,615,1.63%,3.94
silicone bubblers,9,2293,0.39%,13.21
silicone water bongs,9,1280,0.7%,20.59
silicon bubbler,9,149,6.04%,7.2
oil slick container,8,60,13.33%,2.32
foil backed parchment paper,7,604,1.16%,11.01
silicone oil burner bong,7,490,1.43%,10.92
glass rosin jars,7,371,1.89%,6.43
silicone dab mat large,7,261,2.68%,10.09
oil banger,7,211,3.32%,7.25
how to clean silicone bong freezer,7,171,4.09%,5.57
slick container,7,105,6.67%,4
bubbler silicone,7,97,7.22%,8.72
slick sheet,6,2858,0.21%,4.89
dab container,6,2044,0.29%,23.02
concentrate jar,6,610,0.98%,26.59
1ml glass syringe,6,438,1.37%,9.41
best way to clean a silicone bong,6,390,1.54%,6.52
martha wrap foil/parchment,6,340,1.76%,6.94
martha wrap,6,253,2.37%,9.35
slick mat,6,251,2.39%,3.15
parchment paper for rosin,6,202,2.97%,10.34
silicone oil burner,6,153,3.92%,7.99
large dab mats,6,137,4.38%,11
bongdom,6,28,21.43%,3.29
concentrate jars,5,2522,0.2%,36.61
oil slick wrap,5,1158,0.43%,7.53
cleaning a silicone bong,5,747,0.67%,7.74
cute silicone bongs,5,639,0.78%,28.01
slick ball,5,546,0.92%,2.71
large silicone dab mat,5,460,1.09%,10.89
water bong silicone,5,439,1.14%,24.67
clean silicone bong,5,396,1.26%,7.65
how to clean silicone dab rig,5,386,1.3%,7.8
slick balls,5,366,1.37%,2.7
rosin glass jars,5,141,3.55%,7.54
glass concentrate containers,4,1744,0.23%,15.84
slick wrap,4,1253,0.32%,3.04
dab rig silicone,4,994,0.4%,20.04
silicone beaker bong,4,983,0.41%,37.63
silicone dab containers,4,957,0.42%,31.14
5ml jar,4,819,0.49%,9.43
small bubble carb cap,4,765,0.52%,7.64
ounce of wax in jar,4,385,1.04%,4.06
ptfe sheet roll,4,364,1.1%,15.65
silicone nectar collector with glass tip,4,345,1.16%,47.68
pil slick,4,320,1.25%,4.25
oil slick bong,4,265,1.51%,2.28
silicone dab pucks,4,205,1.95%,11.34
stitch bongs,4,168,2.38%,8.34
extract packaging,4,160,2.5%,8.52
ptfe paper,4,104,3.85%,16.82
smell proof cabinet,4,72,5.56%,7.92
concentrate containers,3,2454,0.12%,44.71
how to clean silicone bongs,3,1567,0.19%,12.9
5ml glass jar,3,1220,0.25%,17.85
best silicone bong,3,913,0.33%,11.97
slickball,3,853,0.35%,21.51
rosin parchment paper,3,843,0.36%,18.54
mushroom bong,3,753,0.4%,38.35
silicone hybrid bong,3,743,0.4%,12.24
oil slik,3,575,0.52%,5.52
cleaning silicone bong,3,521,0.58%,7.9
how to clean silicone pipe,3,521,0.58%,13.04
silicone dab bong,3,411,0.73%,19.45
parchment lined foil,3,381,0.79%,14.68
how to clean a rubber bong,3,380,0.79%,7.14
ptfe roll,3,325,0.92%,14.08
how to clean rubber bong,3,312,0.96%,7.06
dab rigs silicone,3,309,0.97%,18.08
how to clean silicone bong without alcohol,3,255,1.18%,7.96
large dab mat,3,247,1.21%,15.26
silicone spoon pipes,3,237,1.27%,15.37
how to clean silicon bong,3,213,1.41%,7.2
dab mats silicone,3,189,1.59%,11.52
silicone pipes and bongs,3,104,2.88%,7.42
silicone glass bong,3,96,3.12%,12
stitch water bong,3,74,4.05%,1.46
silicone dab containers bulk,3,43,6.98%,10.93
silicone juice box bong,3,7,42.86%,62.29
silicone release paper,2,6356,0.03%,19.55
silicone pipe,2,4926,0.04%,59.77
q bone,2,3267,0.06%,2.32
dab containers bulk,2,1474,0.14%,10.83
glass dab jars,2,1357,0.15%,10.53
clear parchment paper,2,1355,0.15%,9.99
wax jar,2,1217,0.16%,8.24
glass dab containers,2,890,0.22%,15.66
quartz banger,2,833,0.24%,52.83
mason jar dab rig,2,715,0.28%,9.81
5ml glass jars,2,630,0.32%,20.42
nectar collector silicone,2,622,0.32%,44.55
crocodile pipe,2,613,0.33%,1.14
oil.slick,2,590,0.34%,4.21
oil slick products,2,488,0.41%,5.87
silicone dab container,2,479,0.42%,32.57
silicon dab rig,2,411,0.49%,21.59
5ml jars,2,373,0.54%,19.91
silicone slick,2,298,0.67%,6.33
glass dab container,2,275,0.73%,13.05
best silicone dab rig,2,258,0.78%,28.29
slick pads,2,257,0.78%,2.98
nectar collector electric,2,240,0.83%,69.58
geo bong,2,230,0.87%,5.14
glass dab jar,2,206,0.97%,10.26
geobong,2,182,1.1%,5.63
slick silicone,2,178,1.12%,9.93
how do you clean a silicone bong,2,173,1.16%,7.42
rosin press parchment paper,2,139,1.44%,17.26
silicone oil burner pipe,2,133,1.5%,10.98
silicone and glass bong,2,133,1.5%,15.21
water pipe silicone,2,112,1.79%,10.3
dab storage container,2,101,1.98%,18.46
hybrid dab rig,2,101,1.98%,21.02
silicone water pipe bong,2,93,2.15%,10.03
oilslickpad.com,2,91,2.2%,1
stitch dab rig,2,77,2.6%,5.9
small carb cap,2,77,2.6%,6.29
pineapple dab rig,2,77,2.6%,22.31
hash rosin jars,2,52,3.85%,28.19
reynolds foil backed parchment paper,2,51,3.92%,1.96
can you clean a silicone pipe with rubbing alcohol,2,48,4.17%,8.65
dab rig case,2,48,4.17%,9.06
smell proof cannabis storage,2,45,4.44%,9.33
dab rig bag,2,45,4.44%,11.6
silicone bongs amazon,2,43,4.65%,67.07
stitch water pipe,2,30,6.67%,1
anubis bong,2,30,6.67%,8.43
travel dab rig kit,2,19,10.53%,8.16
rectangle bong,2,6,33.33%,13
silicone pipes,1,2995,0.03%,63.69
dab mat,1,2101,0.05%,56.58
dab mats,1,1582,0.06%,51.12
how to use a nectar collector,1,1396,0.07%,47.01
how to clean a silicone pipe,1,1380,0.07%,15.56
silicone bongs for sale,1,1314,0.08%,47.11
how to use nectar collector,1,1219,0.08%,49.13
silicone concentrate containers,1,1103,0.09%,35.18
silicone smoking pipe,1,1003,0.1%,52.34
cannabis concentrate jars,1,988,0.1%,25.08
glass syringe 1ml,1,985,0.1%,29.9
dab packaging,1,901,0.11%,38.19
cheap silicone bongs,1,899,0.11%,52.34
silicone weed pipes,1,893,0.11%,59.59
silicone weed pipe,1,870,0.11%,57.05
silicone pipe cleaner,1,749,0.13%,38.53
silicone bong cleaner,1,730,0.14%,12.75
silicone smoking pipes,1,722,0.14%,53.64
how to clean a silicone dab rig,1,638,0.16%,8.14
nectar collector bubbler,1,585,0.17%,53.83
geo bongs,1,514,0.19%,14.92
7ml glass jars,1,485,0.21%,18.29
silicone nectar collector kit,1,480,0.21%,83.75
silicon pipes,1,477,0.21%,64.42
silicone nectar collectors,1,459,0.22%,42.03
concentrate packaging,1,443,0.23%,58.53
dab silicone,1,425,0.24%,36.37
silicone bong cover,1,386,0.26%,42.07
best silicone water pipe,1,384,0.26%,16.42
7ml glass jars with lids,1,383,0.26%,7.06
bulk silicone containers,1,381,0.26%,21.29
silicone beaker,1,358,0.28%,27.14
oil slicks,1,353,0.28%,21.14
wax thc jars,1,330,0.3%,2.99
silicone percolator bong,1,319,0.31%,51.46
foil lined parchment paper,1,311,0.32%,13.41
large silicone dab containers,1,306,0.33%,19.7
mini silicone bong,1,282,0.35%,60.45
pickle rick nectar collector,1,263,0.38%,8.81
slicksheet,1,257,0.39%,13.53
silicone bong bowl,1,254,0.39%,64.6
silicone oil paper,1,251,0.4%,6.36
18oz glass jars,1,238,0.42%,34.86
oil-slick,1,225,0.44%,5.89
thc wax jar,1,210,0.48%,3.83
dab temperature chart,1,193,0.52%,9.55
silicone pads,1,192,0.52%,35.65
how to use a nectar collector silicone,1,191,0.52%,18.73
small silicone bubbler,1,182,0.55%,24.69
silicone mat for dabs,1,175,0.57%,10.98
burger bong,1,172,0.58%,4.18
parchment paper for rosin press,1,162,0.62%,12.49
silicone concentrate jars,1,154,0.65%,24.88
oil slic,1,144,0.69%,5.1
how to clean a silicone pipe in freezer,1,142,0.7%,9.64
weed college sign,1,141,0.71%,1.01
strong silicone bong,1,134,0.75%,24.93
oil slick.,1,123,0.81%,4.61
big silicone bong,1,98,1.02%,8.97
bong silicone,1,98,1.02%,48.11
dab containers glass,1,97,1.03%,10.79
parchment paper for pressing rosin,1,89,1.12%,9.36
dab silicone mat,1,89,1.12%,13.53
mini silicone bubbler,1,89,1.12%,43.09
bong kirby,1,87,1.15%,1
parchment foil,1,82,1.22%,25.61
dab rig rubber,1,79,1.27%,22.2
dab rig carrying case,1,77,1.3%,8.55
zombie pipe,1,74,1.35%,17.59
silicone pucks,1,71,1.41%,23.35
dab slab,1,71,1.41%,30.59
silicone wax containers,1,70,1.43%,35.13
bong mouth cover,1,68,1.47%,3.51
how do you use a nectar collector,1,68,1.47%,36.41
silicone weed bong,1,65,1.54%,11.34
dab slick container,1,61,1.64%,4.03
burger pipe,1,53,1.89%,4.57
wax containers for dabs,1,49,2.04%,22.47
how to clean a bong,1,47,2.13%,78.47
dab setup,1,39,2.56%,5.69
oil slivk,1,37,2.7%,4.49
mini silicone bongs,1,36,2.78%,64.47
best jars for rosin,1,34,2.94%,5.15
silicone slicks,1,34,2.94%,7.06
best smell proof bags for weed 2025,1,29,3.45%,6.66
best dab mats,1,26,3.85%,13.69
silicone nectar collector water,1,25,4%,44.88
best carbon filter for bong,1,24,4.17%,4.25
parchment-lined foil,1,23,4.35%,14.39
glass jar 5ml,1,23,4.35%,17.83
silicone bong cleaning,1,20,5%,10.5
oil sick,1,19,5.26%,7.84
small silicone water pipe,1,19,5.26%,28.16
ghostbusters bong,1,18,5.56%,2.11
bubbler rubber,1,17,5.88%,6.47
silicone bong leaking from bottom,1,17,5.88%,11.76
making edibles with reclaim,1,17,5.88%,19.82
silicone bings,1,17,5.88%,48.24
yoshi egg rig,1,16,6.25%,12.62
titanium bong,1,16,6.25%,50.31
astronaut pipe,1,15,6.67%,15.13
low temp dab range,1,14,7.14%,10.29
black weed jars,1,14,7.14%,27.29
dab torches,1,14,7.14%,88.71
dab glass container,1,13,7.69%,11.38
best parchment paper for heat press,1,13,7.69%,56.23
can you clean a silicone bong with alcohol,1,12,8.33%,6.83
girly nectar collector,1,12,8.33%,9.25
portable silicone bongs,1,12,8.33%,40.58
titanium vs quartz nail,1,10,10%,4.5
electric nectar collecter,1,10,10%,44
dab kit case,1,9,11.11%,9.22
cold start bangers,1,7,14.29%,10.71
oil burner bongs,1,7,14.29%,56.86
silicone nectar collector kit with case,1,7,14.29%,70.71
best vape cart battery 2025,1,6,16.67%,1
jars for wax,1,6,16.67%,8.17
dab cleaning station,1,6,16.67%,23.83
silicone piece,1,6,16.67%,69
dab station set up,1,5,20%,5.4
nectar collector silicone dab rig,1,5,20%,17.8
joint filter mouthpiece,1,5,20%,18.2
rosin jar stickers,1,5,20%,18.2
silicone nectar collector amazon,1,5,20%,21.6
silicone glass nectar collector,1,5,20%,34
oil bubbler bong,1,5,20%,62.6
dab rig storage,1,3,33.33%,10.67
silicone pumpkin bong,1,2,50%,3
non stick parchment paper,1,2,50%,10
hello kitty silicone bong,1,2,50%,47
kirkland parchment paper,1,1,100%,2
mogobe press,1,1,100%,3
ptfe (teflon),1,1,100%,7
eyce silicone bong,1,1,100%,9
jars over duffles rosin,1,1,100%,12
pacman wax jars,1,1,100%,12
best e rigs 2026,1,1,100%,13
oil bong pipe,1,1,100%,48
water filter bubbler silicone nectar collector,1,1,100%,66
bong ai,0,5731,0%,7.49
cannabutter,0,3043,0%,75.02
cannabutter recipe,0,2395,0%,82.99
silicone paper,0,1941,0%,42.87
silicon bong,0,1754,0%,58.14
joint tubes,0,1728,0%,57.89
glass syringe,0,1643,0%,64.71
quartz bangers,0,1520,0%,69.39
how to make cannabutter,0,1520,0%,80.96
siicone dab jars with custom printed sticker lids,0,1434,0%,4.29
glass concentrate jars,0,1383,0%,30.37
bubble carb cap,0,1354,0%,49.55
online cannabis associate degree,0,1353,0%,61.65
silicone rig,0,1301,0%,22.27
release liner paper,0,1279,0%,69.92
fep sheet,0,1276,0%,75.45
wax container,0,1226,0%,25.41
dab pads,0,1221,0%,33.89
release paper,0,1124,0%,63.24
bongs silicone,0,1116,0%,41.35
custom labels for jars,0,1094,0%,85.02
silicone release paper roll,0,1065,0%,43.21
silicone bongs and dab rigs,0,1032,0%,18.73
best parchment paper,0,1004,0%,24.36
cannabutter recipes,0,991,0%,79.9
silicone dab rig kit,0,955,0%,46.28
dab pad,0,935,0%,35.93
boxes for jars,0,932,0%,26.45
custom jar labels,0,912,0%,78.41
bongs and pipes,0,905,0%,71.57
cannabis storage solution,0,904,0%,59.68
concentrate container,0,885,0%,46.05
dab storage,0,834,0%,52.77
glass wax containers,0,825,0%,14.63
child resistant glass jars,0,810,0%,38.59
cannabis associate degree,0,809,0%,81.25
mushroom bongs,0,793,0%,18.99
carb cap bubble,0,791,0%,70.04
silicone portable dab rig,0,762,0%,26.14
best nectar collector,0,754,0%,61.03
how to properly season a quartz banger,0,744,0%,44.06
dab reclaim,0,736,0%,50.28
child resistant jars,0,735,0%,48.34
plastic dab containers,0,726,0%,41.14
dabbing mat,0,725,0%,61.5
silicone puck,0,722,0%,36.01
bong protector,0,717,0%,49.62
terpene oil,0,705,0%,58.11
silicone rig for wax,0,704,0%,28.14
joint tube,0,693,0%,58.83
silicone coated release paper,0,692,0%,65.12
terpenes oil,0,688,0%,57.52
concentrate containers bulk,0,682,0%,20.3
silcone bong,0,681,0%,62.27
glass jar extracts,0,680,0%,37.03
are silicone bongs safe,0,678,0%,61.74
silicone pad,0,672,0%,44.31
banger rig,0,662,0%,71.55
silicone dab rig with quartz banger,0,656,0%,31.06
ai bong,0,652,0%,5.39
silicone coated paper,0,650,0%,61.15
slick sheets,0,643,0%,6.45
release paper sheets,0,643,0%,34.74
silicone vs glass bong,0,643,0%,59.28
wax containers,0,640,0%,23.3
silicone bowl pipe,0,632,0%,62.45
dab paper,0,620,0%,48.5
5ml glass jars with lids,0,617,0%,28.13
marijuana wax paper,0,603,0%,25.25
reclaim dabs,0,602,0%,53.61
slick oil,0,593,0%,19.67
plastic concentrate containers,0,589,0%,58.04
silicon pipe,0,587,0%,42.05
silicone pipe for weed,0,587,0%,63.35
silicone pipe with glass bowl,0,579,0%,72.5
custom dab containers,0,577,0%,45.62
carb caps,0,577,0%,89.58
bangers for dab from nectar collector,0,572,0%,30.46
rosin press paper,0,571,0%,29.94
silicone weed bowl,0,571,0%,53.22
release paper roll,0,567,0%,47.63
silicone waterpipe,0,551,0%,26.33
plastic wax containers,0,549,0%,49.13
cleaning silicone pipe,0,543,0%,16.72
silicone dab rig with titanium nail,0,536,0%,76.71
silicone pipes for smoking,0,535,0%,53.78
glass syringes,0,531,0%,54.05
bongs rubber,0,527,0%,28.35
rosin oil,0,526,0%,17.48
dab bubbler,0,525,0%,63.05
cute pipes,0,523,0%,61.52
rubber dab rig,0,522,0%,39.2
glass syringe for filling carts,0,515,0%,46.45
wholesale wax containers,0,514,0%,34.49
where to buy silicone release paper,0,502,0%,42.26
silicone carb cap,0,501,0%,51.47
mini silicone dab rig,0,496,0%,43.68
3oz glass jars,0,496,0%,43.82
concentrate jars wholesale,0,493,0%,30.1
online cannabis degree,0,491,0%,96.85
reclaim dab,0,489,0%,50.14
mylars,0,489,0%,76.55
silicone containers wholesale,0,487,0%,41.18
custom cr dab containers,0,480,0%,23.54
oul slick,0,476,0%,4.07
what is silicone release paper,0,475,0%,48.09
how to clean dabs off silicone,0,473,0%,15.7
6ml glass container,0,472,0%,11.69
dab wax container,0,468,0%,30.94
bong cover,0,466,0%,30.79
cannabis storage systems,0,464,0%,52.01
3oz glass jars with lids,0,455,0%,30.35
electric nectar collectors,0,454,0%,68.1
rubber bongs,0,453,0%,55.66
shatter concentrate container,0,450,0%,48.9
wax jars thc,0,449,0%,9.03
right banger,0,449,0%,75.2
silicone water pipe for smoking,0,448,0%,21.05
pretty bongs and pipes,0,445,0%,56.44
reclaim edible,0,442,0%,21.79
3 oz glass jars,0,429,0%,49.77
silicone bong cheap,0,428,0%,56.74
how to dab with quartz banger,0,427,0%,54.56
marijuana packaging jars,0,422,0%,64.45
silicone tobacco pipe,0,415,0%,53.87
dab containers wholesale,0,412,0%,9.32
silicone pipe for smoking,0,410,0%,54.4
silicone smoke pipe,0,405,0%,53.79
how to properly heat a quartz banger,0,401,0%,64.02
small silicone dab rig,0,400,0%,36.57
release liner paper roll,0,399,0%,64.06
5ml glass jars wholesale,0,397,0%,56.95
silicone smoking accessories,0,396,0%,41.84
weed college,0,393,0%,53.77
how to make canna butter,0,393,0%,74.07
make cannabutter,0,392,0%,80.4
cannabis butter recipe,0,391,0%,78.13
glass child resistant jars,0,388,0%,40.14
animal bongs,0,382,0%,30.14
7ml concentrate jars,0,381,0%,30.2
oil slicker,0,380,0%,23.26
silcone pipe,0,379,0%,62.18
silicon bongs,0,375,0%,45.03
concentrate glass jars,0,374,0%,23.31
best way to clean a quartz banger,0,374,0%,46.06
silicone smoking bowl,0,373,0%,47.9
nectar collector dab rig,0,373,0%,69.41
how to clean quartz banger,0,372,0%,40.51
silicone ice bong,0,370,0%,46.53
7ml clear glass dab,0,369,0%,19.13
small glass jars with screw on lids,0,367,0%,7.3
silicone roll up bong,0,367,0%,50.24
mylar weed bags,0,366,0%,74.96
smoking reclaim,0,361,0%,59.13
3 oz jars,0,360,0%,55.22
rubber weed pipes,0,360,0%,62.46
silicone dab accessories,0,358,0%,24.57
teflon sheet roll,0,357,0%,18.52
mylar bags,0,357,0%,60.4
silicone rigs for dabs,0,354,0%,32.41
dab mats wholesale,0,354,0%,61.68
glass jars with black lids wholesale,0,351,0%,68.76
7ml glass concentrate container,0,349,0%,37.63
buy silicone bong,0,349,0%,44.71
silicone bongs safe,0,348,0%,56.06
child proof jars,0,347,0%,51.11
silicone bowl smoking,0,347,0%,54.48
wholesale glass concentrate jars,0,343,0%,21.18
cr jar,0,342,0%,42.11
9ml glass dab jar,0,339,0%,19.06
bulk glass concentrate jars,0,339,0%,19.31
custom dab mats,0,339,0%,35.78
rubber smoking pipe,0,339,0%,60.47
silicone smoking products,0,335,0%,22.01
wax container for dabs,0,335,0%,34.4
silicone bong price,0,335,0%,54.96
infusing butter,0,335,0%,82.45
animal pipes and bongs,0,334,0%,38.13
bong mouthpiece,0,334,0%,63.35
3 oz weed jars,0,333,0%,28.52
oil spill wrap,0,331,0%,11.08
small silicone bong,0,331,0%,61.68
cannabis degree online,0,331,0%,93.7
hybrid bong,0,330,0%,19.87
reclaim wax,0,330,0%,51.48
silicone dab jar,0,329,0%,36.4
silicone jars,0,328,0%,43.28
jar boxes,0,328,0%,47.87
what is a slick sheet,0,326,0%,7.67
pipe silicone,0,325,0%,56.47
screw jar,0,324,0%,1.89
oil slick strain,0,320,0%,27.17
wholesale silicone containers,0,319,0%,45.21
rubber pipes for smoking,0,317,0%,65.9
clear 5ml glass jars with lids,0,316,0%,51.96
silicone wax container,0,314,0%,40.22
3oz clear glass jar,0,308,0%,53.42
electric collector,0,308,0%,53.93
black concentrate container,0,306,0%,41.61
quartz nectar collector,0,306,0%,45.2
black concentrate jar,0,305,0%,41.09
silicone bing,0,305,0%,60.54
canabutter,0,305,0%,73.81
where to buy mylar bags,0,304,0%,78.82
3oz jars with lids,0,302,0%,31.1
5 oz glass jars,0,302,0%,47.06
1g concentrate jar,0,302,0%,50.55
storage solutions for cannabis,0,302,0%,51.46
hash containers,0,301,0%,37.19
animal shaped pipes,0,298,0%,48.69
ptfe solvent,0,297,0%,44.53
silicone containers for wax,0,296,0%,51
jar of dabs,0,295,0%,7.13
alligator pipe,0,295,0%,34.45
round glass concentrate jar,0,294,0%,26.61
child resistant concentrate containers,0,294,0%,38.88
silicone pipe weed,0,294,0%,62.5
bubbler nectar collector,0,293,0%,57.98
rubber bong,0,293,0%,75.53
nectar collector pipe,0,292,0%,44.61
concentrate bottles,0,292,0%,70.35
jar of wax weed,0,291,0%,4.93
release base paper,0,291,0%,85.54
silicone hammer bubbler,0,289,0%,71.23
silicone bongs near me,0,288,0%,64.38
uv glass jars wholesale,0,285,0%,64.06
reclaim oil,0,283,0%,23.42
wholesale 1ml glass syringe,0,283,0%,36.74
cute bongs,0,283,0%,55.66
perfect dab temp,0,279,0%,2.85
syringe glass,0,276,0%,62.38
glass jar with black lid,0,276,0%,62.52
can you smoke reclaim wax,0,276,0%,63.52
3 oz glass jar,0,275,0%,59.43
how to clean dab banger,0,275,0%,67.51
mylar bag,0,273,0%,56.49
black glass concentrate container,0,271,0%,41.23
can you smoke reclaim,0,270,0%,51.11
glass screw cap jars,0,270,0%,64.46
jar of wax,0,269,0%,9.22
is it safe to smoke reclaim,0,269,0%,49.55
thc wax jars,0,265,0%,8.98
5 oz glass jar,0,265,0%,43.4
water pipe resin,0,265,0%,48.81
bubbler dab rig,0,265,0%,63.47
weed tubes,0,260,0%,65.97
does reclaim get you higher than wax,0,260,0%,80.18
how to clean silicone nectar collector,0,258,0%,55.55
shatter concentrate containers,0,255,0%,51.45
ptfe sheets,0,255,0%,78.82
mushroom pipe,0,252,0%,38.25
making cannabutter,0,252,0%,75.8
wax jars with labels,0,249,0%,29.86
wax concentrate container,0,248,0%,27.62
how to clean a banger,0,248,0%,42.09
ptfe foil,0,247,0%,29.82
wax jars bulk,0,245,0%,37.79
kirby smoking,0,244,0%,7.6
silicone release sheets,0,242,0%,25.52
silicone dab tray,0,241,0%,62.71
silicone dab pipe,0,240,0%,24.4
ptfe roller,0,240,0%,60.32
cannabis jar packaging,0,240,0%,60.39
electric nector collector,0,238,0%,70.77
dab jars bulk,0,236,0%,8.29
online cannabis degree programs,0,236,0%,97.74
nector collector silicone,0,235,0%,41.24
cool dab containers,0,234,0%,29.15
mylar bags small,0,234,0%,48.77
silicone sherlock bubbler,0,234,0%,71.63
silicone one hitter,0,233,0%,93.06
mylar zakken,0,232,0%,31.34
glass nectar collector bubbler,0,232,0%,53.08
nectar collector with stand,0,231,0%,60.65
concentrate & dab containers,0,229,0%,29.34
teflon rolls,0,228,0%,39.03
reclaim weed,0,228,0%,40.01
ptfe rolls,0,225,0%,25.99
silicone rubber pipes,0,225,0%,63.22
5 ml glass jars,0,224,0%,48.76
polystyrene concentrate container,0,224,0%,54.14
frog pipe,0,224,0%,60.17
silicone mini bong,0,219,0%,60.62
glass jars with black lid,0,217,0%,53.36
reclaim from dabs,0,216,0%,48.3
polytetrafluoroethylene sheet,0,216,0%,81.68
capsoil,0,215,0%,52.38
teflon roll,0,214,0%,29.32
slickpaper,0,213,0%,4.93
cooking with cannabutter,0,213,0%,72.44
rubber weed bowl,0,210,0%,63.95
3 oz jars with lids,0,207,0%,44.33
5ml concentrate containers,0,206,0%,42.52
different quartz bangers,0,206,0%,78.95
non stick dab mat,0,205,0%,6.09
slick pack,0,205,0%,49.71
how long to heat quartz banger,0,205,0%,72.34
wax paper for weed,0,204,0%,49.37
concentrate jars with labels,0,202,0%,55.42
silicone bongs for cheap,0,202,0%,56.38
stickers for glass jar,0,202,0%,72.29
is delta 8 legal,0,200,0%,77.86
how to use quartz banger,0,199,0%,57.02
best bong,0,199,0%,91.78
how to season a quartz banger,0,197,0%,54.56
how to use a silicone nectar collector,0,196,0%,20.17
is dab reclaim potent,0,196,0%,22.72
plastic joint tubes,0,195,0%,55.67
how to clean a dab banger,0,195,0%,61.58
halloween bongs,0,194,0%,38.2
ice cream splat,0,192,0%,2.3
best nectar collectors,0,192,0%,49.09
how to use a nectar collector weed,0,192,0%,63.46
weed wax jars,0,191,0%,2.91
how to clean banger,0,191,0%,43.14
1ml glass syringe luer lock,0,190,0%,53.54
3 oz jar,0,189,0%,65.32
bongs,0,189,0%,89.6
silicone bongs with percolators,0,188,0%,58.47
hamburger bong,0,186,0%,1.85
ufo pipe,0,186,0%,4.1
silicone rig dab,0,186,0%,26.8
how to clean a quartz banger,0,186,0%,39.15
how to clean a silicone nectar collector,0,185,0%,58.93
alien bubbler,0,185,0%,86.46
pad printing cannabis jar packaging,0,182,0%,23.32
quarts banger,0,182,0%,47.5
cannabis storage solutions,0,182,0%,50.37
silicone bong wholesale,0,182,0%,56.44
jars of wax,0,181,0%,1.59
5 oz glass jars with lids,0,181,0%,18.6
5ml polystyrene concentrate container,0,181,0%,63.55
jar of thc wax,0,180,0%,6.98
bangers quartz,0,179,0%,77.92
q-bone,0,178,0%,1.77
oli slick,0,178,0%,4.89
parchment paper with foil backing,0,178,0%,11.69
release paper for stickers,0,178,0%,54.8
custom dab packaging,0,177,0%,48.4
nectar collector rubber,0,177,0%,62.49
hash jars,0,176,0%,42.39
nectar collector tips,0,176,0%,53.92
bubble cap carb cap,0,176,0%,58.51
9 ml concentrate jar,0,175,0%,53.77
can you dab out of silicone containers,0,174,0%,35.49
slick paper ro,0,173,0%,5.59
silicone reclaim catcher,0,173,0%,51.09
9ml glass jar,0,171,0%,23.92
how to use a dab tube,0,170,0%,62.88
slickpristine,0,169,0%,11.04
wholesale concentrate containers,0,169,0%,22.51
oil slick glass,0,168,0%,5.21
slick silicone lubricant,0,168,0%,51.17
stitch bong,0,167,0%,37.57
dab gifts,0,167,0%,39.71
how to infuse butter,0,167,0%,90.43
how to clean a weed pipe,0,165,0%,1
dab nectar collector silicone,0,163,0%,49.63
how to clean silicone dab straw,0,163,0%,70.09
big dab mat,0,162,0%,24.75
best way to clean a silicone pipe,0,161,0%,6.78
clear cooking paper,0,161,0%,6.9
how to clean resin out of a silicone pipe,0,160,0%,10.58
5 oz jars with lids,0,160,0%,39.59
how to clean nectar collector,0,160,0%,62.69
resin collector pipe,0,160,0%,68.99
jar of rosin,0,159,0%,7.38
concentrate containers wholesale,0,159,0%,15.04
cute rigs,0,159,0%,16.7
portable electric nectar collector,0,158,0%,43.79
9ml concentrate jar,0,158,0%,50.61
cr jars,0,158,0%,51.17
bubbler cap,0,158,0%,59.44
5ml concentrate jars,0,156,0%,45.52
how to season glass banger,0,156,0%,55.13
silicone ashtray,0,155,0%,31.5
girly dab rigs,0,155,0%,43.85
glass oil pipes for sale,0,155,0%,62.41
banger quartz,0,155,0%,77.98
wax concentrate containers,0,154,0%,17.23
is delta-8 thc legal,0,154,0%,68.65
ptfe alternative,0,153,0%,72.86
2 piece silicone bong,0,153,0%,75.17
wholesale concentrate accessories,0,153,0%,76.16
water bubbler pipe,0,153,0%,88.49
alternative to ptfe,0,152,0%,56.96
water nectar collector,0,152,0%,62.99
extract jars,0,150,0%,19.13
big hunny,0,149,0%,3.05
wax in jar,0,149,0%,6.39
silicone dab,0,149,0%,33.91
pre roll joint tubes,0,149,0%,74.91
wax in a jar,0,148,0%,9.94
nectar collector stands,0,148,0%,70.7
stitch bong for sale,0,147,0%,6.07
silicone jars for wax,0,147,0%,34.16
bong banger,0,147,0%,70.71
3oz glass jar,0,146,0%,51.99
bangers for dabs,0,146,0%,77.96
glass on glass syringe,0,146,0%,85.47
5ml glass jar usa,0,145,0%,61.3
oil slick ar 15,0,145,0%,62.24
jar wax,0,144,0%,5.53
dab ashtray,0,144,0%,41.62
animal pipes online,0,144,0%,44.68
silicone release boxes,0,144,0%,62.45
slick roll,0,143,0%,2.78
how to make canabutter,0,143,0%,80.17
wholesale silicone release paper,0,142,0%,17.89
dab mats for sale,0,142,0%,49.63
weed tube,0,142,0%,85.56
silicone bong vs glass,0,140,0%,55.85
silicone pot pipes,0,140,0%,57.16
best terp slurper quartz banger,0,139,0%,53.64
how to clean glass banger,0,139,0%,71.29
rig banger,0,139,0%,75.45
canna butter recipe,0,138,0%,83.68
nectar collector silicone and glass,0,137,0%,52.04
glass cannabis jar,0,137,0%,92.62
nectar collector water pipe,0,136,0%,60.4
oil alick,0,135,0%,4.15
child resistant jars with lids,0,135,0%,5.89
dabbing reclaim,0,135,0%,46.83
silicone bowls for smoking,0,135,0%,52.03
silicone-coated paper,0,135,0%,54.96
cannabutter redipe,0,135,0%,85.16
dab bangers,0,135,0%,89.93
slippery paper,0,134,0%,20.88
borosilicate glass syringe,0,134,0%,30.22
cannabis terpene oil,0,134,0%,59.63
cannabis studies aas,0,134,0%,71.99
how to seal weed packs,0,134,0%,78.52
best parchment paper for baking,0,133,0%,51.69
cute dab rigs,0,132,0%,51.6
terpenes in essential oils,0,132,0%,92.61
oilseeker,0,131,0%,39.75
how to clean bong,0,131,0%,55.13
glass dab applicator,0,131,0%,60.79
ptcfe alternatives,0,131,0%,68.31
kirby weed,0,130,0%,5.68
cannabitter,0,130,0%,71.55
silicone wax mat,0,129,0%,52.52
oil sleek,0,128,0%,12.85
3 oz glass bottles with lids,0,128,0%,49.63
nectar collector tip,0,128,0%,60.37
mylar bags for weed,0,128,0%,78.96
extract envelopes,0,127,0%,45.19
lit silicone water pipe,0,127,0%,57.28
release liner sheets,0,127,0%,69.17
what is reclaim dab,0,126,0%,21.91
nectar collector titanium tip,0,126,0%,47.1
cbd oil vs cbd treats for dogs,0,126,0%,73.65
jar labels custom,0,126,0%,77.09
mushroom bowl smoking,0,125,0%,38.57
dab rig mats,0,125,0%,57.93
clean silicone pipe,0,124,0%,15.19
oil bong,0,124,0%,52.64
3oz jar,0,124,0%,59.08
ice bong molds,0,124,0%,80.77
nectar collectors,0,124,0%,82.65
carb cap,0,124,0%,87.83
glass jars with screw on lids,0,123,0%,42.64
how to clean dab rig banger,0,123,0%,67.07
concentrate containers market,0,122,0%,50.74
siliconized paper,0,122,0%,63.11
dab temp guide,0,121,0%,2.61
bucket banger,0,120,0%,34.57
silicone release paper for stickers,0,120,0%,48.56
5 ml jar,0,119,0%,45.97
oil pad,0,119,0%,49.47
wholesale quartz bangers,0,119,0%,73.54
big water pipes for sale,0,119,0%,92.76
slick paper ragnarok,0,118,0%,6.49
dabs packaging,0,118,0%,22.13
best quartz bangers,0,118,0%,31.59
7ml glass jar,0,117,0%,21.32
rubber bowl weed,0,117,0%,72.31
bomg ai,0,116,0%,7.06
rosin containers,0,116,0%,36.85
bong mouth,0,116,0%,60.81
yoshi bongs,0,116,0%,70.61
ptfe film roll,0,115,0%,20.77
reclaim edibles,0,115,0%,24.91
nectar collector how to use,0,115,0%,35.32
weed mylar bags,0,115,0%,69.32
silicone parchment paper,0,115,0%,72.84
live rosin jars,0,114,0%,6.42
nectar collector with titanium tip,0,114,0%,65.13
glass nectar collector with titanium tip,0,113,0%,71.59
dabs container,0,112,0%,20.73
bong protector skin,0,112,0%,36.03
elevate drift bubbler,0,112,0%,45.78
silicone pipe smoking,0,112,0%,50.83
what is an oil slick,0,112,0%,52.22
ptfe oil,0,112,0%,75.29
how long to cook canna butter,0,112,0%,87.4
banger,0,112,0%,98.02
how to clean a glass bong that has silicone,0,111,0%,8.39
dab rig cleaning tools,0,111,0%,25.41
reclaim dab rig,0,111,0%,49.15
wax mat,0,111,0%,58.73
weed wax containers,0,110,0%,8.87
stitch pipe,0,110,0%,19.82
teflon papir,0,110,0%,44.66
bubble cap dab,0,110,0%,57.82
3 oz glass,0,110,0%,78.94
glass jar with lid,0,110,0%,80.91
clear extracts,0,110,0%,87.37
dab temperature,0,109,0%,3.97
cute nectar collector,0,109,0%,11.22
glass wax container,0,109,0%,13.25
parchment paper clear,0,108,0%,10.65
custom dab jars,0,108,0%,50.42
release paper rolls,0,108,0%,56.29
silicone pipes for smoking weed,0,107,0%,61.8
strong silicone waterpipes,0,106,0%,32.41
best wax paper,0,106,0%,49.86
silicone rigs,0,105,0%,16.87
how to cook cannabutter,0,105,0%,84.39
dab travel case,0,104,0%,17.51
titanium tip nectar collector,0,104,0%,51.92
silicone smoking products distributor,0,104,0%,73.51
pad dab,0,103,0%,7.21
how do you clean a silicone pipe,0,102,0%,13.1
how to smoke dabs with a silicone pipe,0,102,0%,15.87
are silicone pipes safe,0,102,0%,41.51
oiled paper,0,102,0%,50.33
army bong,0,101,0%,5.79
stitch smoking accessories,0,101,0%,9.48
1 ml glass syringe,0,101,0%,34.88
silicone paper sheets,0,101,0%,44.4
silicone paper roll,0,100,0%,38.1
can you dab reclaim,0,100,0%,45.06
dab rig reclaim,0,100,0%,48.22
spill proof nectar collector,0,100,0%,54.56
dab rig mat,0,100,0%,57.28
silicone jar,0,100,0%,66.15
silicone pipe with lid,0,100,0%,76.28
pipes en silicone,0,100,0%,78.19
slick stack,0,99,0%,3.55
kirby smoking weed,0,99,0%,4.38
cooking with reclaim,0,99,0%,10.93
portable silicone bong,0,99,0%,55.74
infused butter recipe,0,99,0%,83.56
cooking cannabutter,0,99,0%,84.24
ceramic oil cartridges,0,99,0%,86.14
oil slixk,0,98,0%,4.55
cannabis jar packaging pad printing,0,98,0%,23.45
how to smoke wax with a silicone pipe,0,98,0%,23.94
purging oil,0,97,0%,15.4
silicone dabber,0,97,0%,41.45
girly pipes and bongs,0,96,0%,42.5
cannabis concentrate container,0,96,0%,45.64
teflon oil,0,96,0%,58.39
cannabis concentrate jar packaging,0,96,0%,60.94
creepy dab rigs,0,95,0%,58.38
3 oz glass jars wholesale,0,95,0%,68.21
dab pipes,0,95,0%,78.92
wax jar thc,0,94,0%,4.38
what is a dab mat,0,94,0%,41.87
bho concentrate storage,0,94,0%,65.3
dab rigs nectar collector,0,94,0%,83.76
3oz jars,0,93,0%,53.04
silicone herb pipe,0,93,0%,57.92
black glass jars with lids,0,93,0%,71.53
wax packaging,0,93,0%,72.43
ptfe teflon roll,0,92,0%,25.58
cheap silicone dab rig,0,92,0%,31.48
5 oz jar,0,92,0%,48.36
alien pipe,0,92,0%,61.16
pipe banger,0,92,0%,65.36
silicone hand pipe,0,92,0%,66.87
cat weed pipe,0,92,0%,67.46
fep non-stick coatings,0,92,0%,72.35
weed butter recipe,0,92,0%,80.32
what is reclaim wax,0,91,0%,24.6
round bottom jar,0,90,0%,1.27
silicon release paper,0,90,0%,24.01
unique dab containers,0,90,0%,29.24
1 gram concentrate jar,0,90,0%,57.01
ptfe sheet,0,90,0%,74.47
best way to clean silicone pipe,0,89,0%,11.16
nectar collector quartz,0,89,0%,44.43
silicone pipes near me,0,89,0%,51.57
rubber nectar collector,0,89,0%,58.03
dab smoking pipe,0,89,0%,63.91
water bubblers for smoking,0,89,0%,88.46
best bing,0,89,0%,94.25
busty oil,0,88,0%,6.12
what is oil slick,0,88,0%,43.41
bubble cap,0,88,0%,75.08
ideal dab temp,0,87,0%,1.63
busty oiled,0,87,0%,19.51
hy bird bong,0,87,0%,54.03
animal shaped smoking pipes,0,87,0%,56.14
dabbing granny (dabbing_granny) latest,0,86,0%,9.59
rectangle glass pipe,0,86,0%,11.37
paper silicone,0,86,0%,24.29
what are dab mats for,0,86,0%,41.76
qaurtz banger,0,86,0%,50.48
delta 8 thc legal,0,86,0%,74.15
bone bong,0,85,0%,6.4
thc wax container,0,85,0%,16.21
cleaning quartz banger,0,85,0%,35.42
silicone nector collector,0,85,0%,36.27
wuartz banger,0,85,0%,51.01
ultraviolet glass jars wholesale,0,85,0%,63.54
extract jar,0,85,0%,76.93
easy cannabutter recipe,0,85,0%,79.52
how to clean silicone bong smell,0,84,0%,9.1
silicon water pipe,0,84,0%,15.61
how to clean a rubber pipe,0,84,0%,29.14
oil resistant paper,0,84,0%,57.63
quick cannabutter recipe,0,84,0%,83.14
mason jar bongs,0,83,0%,21.64
best quartz banger,0,83,0%,26.45
rubber bubbler,0,83,0%,33.35
dab cleaning tools,0,83,0%,37.49
silicone release paper for art,0,83,0%,44.27
5 oz jars,0,83,0%,50.23
custom silicone dab containers,0,83,0%,51.75
quarz banger,0,83,0%,52.05
cbd oil vs treats for dogs,0,83,0%,56.6
is delta-8 legal,0,83,0%,77.47
weed bubbler,0,83,0%,81.54
glass bong with silicone cover,0,82,0%,22.05
dab containers silicone,0,82,0%,28.83
marijuanapackaging.com coupon code,0,82,0%,47.34
how to clean a nectar collector,0,82,0%,62.77
glass syringes for sale,0,82,0%,66.7
easy cannabutter,0,82,0%,74.43
tubes for weed,0,82,0%,80.21
badass bongs,0,81,0%,33.93
cannabis reclaim,0,81,0%,56.79
how to use a glass dab banger,0,81,0%,62.42
1/8 glass jars,0,81,0%,65.01
customize jar labels,0,81,0%,77.32
slab dabs,0,81,0%,87.86
dab rig cases,0,80,0%,7.17
jars with screw on lids,0,80,0%,13.85
how to clean silicone pipes,0,80,0%,15
3 oz glass jars with lids,0,80,0%,41.31
clean quartz banger,0,80,0%,42.65
silicon paper,0,80,0%,45.6
marijuanapackaging com coupon code,0,80,0%,48.29
using a nectar collector,0,80,0%,50.39
canna butter,0,80,0%,86.26
cannabis tube,0,80,0%,88.66
nectar collector titanium,0,79,0%,66.91
what is a nectar collector,0,79,0%,78.28
glass tip nectar collector,0,79,0%,82.85
silicone downstem,0,79,0%,86.05
oil slock,0,78,0%,4.79
dab bucket,0,78,0%,5.73
what is dab reclaim,0,78,0%,20.59
cannabis preservation packaging,0,78,0%,74.72
how to clean a dab rig,0,77,0%,2.17
how to clean a silicone weed pipe,0,77,0%,10.68
silicone nectar collector bubbler,0,77,0%,15.43
silicone bong amazon,0,77,0%,55.04
how to make cannabutter fast,0,77,0%,67.79
nectar collector glass tip,0,77,0%,69.92
what is reclaim thc,0,76,0%,35.97
mini silicone pipe,0,76,0%,70.57
cannon pipes,0,75,0%,1.24
jars of wax thc,0,75,0%,7.71
how to use a quartz banger,0,75,0%,56.17
bubbler bongs,0,75,0%,71.73
black glass jars,0,75,0%,73.63
rig pipe,0,75,0%,78.47
dab temps,0,74,0%,2.54
shaggy monster,0,74,0%,5.05
the oil slick,0,74,0%,11.59
can you clean silicone with alcohol,0,74,0%,33.57
easiest bong to clean,0,74,0%,46.99
5ml glass jar wholesale,0,74,0%,60.28